{"cameraMode":{"drawMode":0,"name":"Shaded","section":"Shading Mode"},"sceneLighting":true,"audioPlay":false,"sceneViewState":{"showFog":true,"showMaterialUpdate":true,"showSkybox":true,"showFlares":true,"showImageEffects":true,"showParticleSystems":true},"in2DMode":false,"pivot":{"x":164.63101196289063,"y":-215.44168090820313,"z":1163.08203125},"rotation":{"x":-0.15693409740924836,"y":0.0524129718542099,"z":-0.008340530097484589,"w":-0.9861832857131958},"size":1072.8526611328125,"orthographic":false}