{"cameraMode":{"drawMode":0,"name":"Shaded","section":"Shading Mode"},"sceneLighting":true,"audioPlay":false,"sceneViewState":{"showFog":true,"showMaterialUpdate":false,"showSkybox":true,"showFlares":true,"showImageEffects":true,"showParticleSystems":true},"in2DMode":false,"pivot":{"x":-12.945650100708008,"y":15.387056350708008,"z":-186.35531616210938},"rotation":{"x":-0.0086141936480999,"y":-0.6963754296302795,"z":-0.00835456047207117,"w":0.7175848484039307},"size":52.961605072021487,"orthographic":false}