{"cameraMode":{"drawMode":0,"name":"Shaded","section":"Shading Mode"},"sceneLighting":true,"audioPlay":false,"sceneViewState":{"showFog":true,"showMaterialUpdate":false,"showSkybox":true,"showFlares":true,"showImageEffects":true,"showParticleSystems":true},"in2DMode":false,"pivot":{"x":8.716331481933594,"y":-13.048931121826172,"z":12.440238952636719},"rotation":{"x":0.35605764389038088,"y":0.2345443218946457,"z":-0.09281330555677414,"w":0.899776041507721},"size":26.36662483215332,"orthographic":false}