{"cameraMode":{"drawMode":0,"name":"Shaded","section":"Shading Mode"},"sceneLighting":true,"audioPlay":false,"sceneViewState":{"showFog":true,"showMaterialUpdate":false,"showSkybox":true,"showFlares":true,"showImageEffects":true,"showParticleSystems":true},"in2DMode":false,"pivot":{"x":-209.97161865234376,"y":7.807191848754883,"z":-1060.91357421875},"rotation":{"x":0.008389243856072426,"y":-0.8609674572944641,"z":0.014207256026566029,"w":0.5083931684494019},"size":333.55810546875,"orthographic":true}