{"cameraMode":{"drawMode":0,"name":"Shaded","section":"Shading Mode"},"sceneLighting":true,"audioPlay":false,"sceneViewState":{"showFog":true,"showMaterialUpdate":false,"showSkybox":true,"showFlares":true,"showImageEffects":true,"showParticleSystems":true},"in2DMode":false,"pivot":{"x":-24.80986785888672,"y":14.809928894042969,"z":-221.5088348388672},"rotation":{"x":0.0621575191617012,"y":-0.6693359613418579,"z":0.0563557930290699,"w":0.73821622133255},"size":48.99818420410156,"orthographic":true}