{"cameraMode":{"drawMode":0,"name":"Shaded","section":"Shading Mode"},"sceneLighting":true,"audioPlay":false,"sceneViewState":{"showFog":true,"showMaterialUpdate":false,"showSkybox":true,"showFlares":true,"showImageEffects":true,"showParticleSystems":true},"in2DMode":false,"pivot":{"x":-188.66946411132813,"y":-72.05763244628906,"z":-1497.458984375},"rotation":{"x":0.04755624756217003,"y":-0.7076144814491272,"z":0.04783120006322861,"w":0.7033788561820984},"size":590.880126953125,"orthographic":false}