{"cameraMode":{"drawMode":0,"name":"Shaded","section":"Shading Mode"},"sceneLighting":true,"audioPlay":false,"sceneViewState":{"showFog":true,"showMaterialUpdate":false,"showSkybox":true,"showFlares":true,"showImageEffects":true,"showParticleSystems":true},"in2DMode":false,"pivot":{"x":-273.7702331542969,"y":-5.3342366218566898,"z":-142.99473571777345},"rotation":{"x":0.051171962171792987,"y":-0.7010313868522644,"z":0.05056160315871239,"w":0.7094951868057251},"size":587.025390625,"orthographic":true}