{"cameraMode":{"drawMode":0,"name":"Shaded","section":"Shading Mode"},"sceneLighting":true,"audioPlay":false,"sceneViewState":{"showFog":true,"showMaterialUpdate":false,"showSkybox":true,"showFlares":true,"showImageEffects":true,"showParticleSystems":true},"in2DMode":false,"pivot":{"x":-33.289127349853519,"y":4.43406867980957,"z":-274.6917419433594},"rotation":{"x":0.0025584979448467495,"y":0.8197347521781921,"z":0.0037024167831987144,"w":-0.572765052318573},"size":87.69255828857422,"orthographic":true}