{"cameraMode":{"drawMode":0,"name":"Shaded","section":"Shading Mode"},"sceneLighting":true,"audioPlay":false,"sceneViewState":{"showFog":true,"showMaterialUpdate":false,"showSkybox":true,"showFlares":true,"showImageEffects":true,"showParticleSystems":true},"in2DMode":false,"pivot":{"x":-0.3949800729751587,"y":4.598818778991699,"z":-6.207326412200928},"rotation":{"x":-0.0015447486657649279,"y":0.9916228652000427,"z":-0.1286335289478302,"w":-0.011899270117282868},"size":5.889519691467285,"orthographic":false}