{"cameraMode":{"drawMode":0,"name":"Shaded","section":"Shading Mode"},"sceneLighting":true,"audioPlay":false,"sceneViewState":{"showFog":true,"showMaterialUpdate":false,"showSkybox":true,"showFlares":true,"showImageEffects":true,"showParticleSystems":true},"in2DMode":false,"pivot":{"x":-25.149494171142579,"y":44.26776123046875,"z":-2824.331787109375},"rotation":{"x":-0.05698954686522484,"y":0.7075309753417969,"z":-0.05743580311536789,"w":-0.7020354866981506},"size":297.2548828125,"orthographic":true}