{"cameraMode":{"drawMode":0,"name":"Shaded","section":"Shading Mode"},"sceneLighting":true,"audioPlay":false,"sceneViewState":{"showFog":true,"showMaterialUpdate":false,"showSkybox":true,"showFlares":true,"showImageEffects":true,"showParticleSystems":true},"in2DMode":false,"pivot":{"x":-35.98382568359375,"y":61.942291259765628,"z":-1199.5411376953125},"rotation":{"x":0.02958136424422264,"y":-0.7324310541152954,"z":0.031875476241111758,"w":0.67945796251297},"size":289.6681213378906,"orthographic":false}