{"cameraMode":{"drawMode":0,"name":"Shaded","section":"Shading Mode"},"sceneLighting":true,"audioPlay":false,"sceneViewState":{"showFog":true,"showMaterialUpdate":false,"showSkybox":true,"showFlares":true,"showImageEffects":true,"showParticleSystems":true},"in2DMode":false,"pivot":{"x":-10.58169174194336,"y":-15.529117584228516,"z":11.626989364624024},"rotation":{"x":0.41433367133140566,"y":-0.2970018982887268,"z":0.1451294720172882,"w":0.8479800224304199},"size":25.423236846923829,"orthographic":false}