{"cameraMode":{"drawMode":0,"name":"Shaded","section":"Shading Mode"},"sceneLighting":true,"audioPlay":false,"sceneViewState":{"showFog":true,"showMaterialUpdate":false,"showSkybox":true,"showFlares":true,"showImageEffects":true,"showParticleSystems":true},"in2DMode":false,"pivot":{"x":6.839607238769531,"y":7.113037109375,"z":-0.2816845178604126},"rotation":{"x":0.017130455002188684,"y":-0.47757869958877566,"z":0.009313958697021008,"w":0.878372848033905},"size":3.7621378898620607,"orthographic":true}