{"cameraMode":{"drawMode":0,"name":"Shaded","section":"Shading Mode"},"sceneLighting":true,"audioPlay":false,"sceneViewState":{"showFog":true,"showMaterialUpdate":false,"showSkybox":true,"showFlares":true,"showImageEffects":true,"showParticleSystems":true},"in2DMode":false,"pivot":{"x":-46.45625305175781,"y":6.317386627197266,"z":-275.4382629394531},"rotation":{"x":0.01549261063337326,"y":-0.5089011192321777,"z":0.009162266738712788,"w":0.8606439828872681},"size":34.654964447021487,"orthographic":false}