{"cameraMode":{"drawMode":0,"name":"Shaded","section":"Shading Mode"},"sceneLighting":true,"audioPlay":false,"sceneViewState":{"showFog":true,"showMaterialUpdate":false,"showSkybox":true,"showFlares":true,"showImageEffects":true,"showParticleSystems":true},"in2DMode":false,"pivot":{"x":-31.376134872436525,"y":20.434398651123048,"z":130.9841766357422},"rotation":{"x":0.01795157603919506,"y":-0.9617497324943543,"z":0.0650177001953125,"w":0.26554882526397707},"size":384.55804443359377,"orthographic":true}