{"cameraMode":{"drawMode":0,"name":"Shaded","section":"Shading Mode"},"sceneLighting":true,"audioPlay":false,"sceneViewState":{"showFog":true,"showMaterialUpdate":false,"showSkybox":true,"showFlares":true,"showImageEffects":true,"showParticleSystems":true},"in2DMode":false,"pivot":{"x":-4.733148574829102,"y":-0.9397317171096802,"z":1.9635114669799805},"rotation":{"x":0.21223638951778413,"y":-0.6125922203063965,"z":0.17549557983875276,"w":0.7408789396286011},"size":10.56179428100586,"orthographic":false}