{"cameraMode":{"drawMode":0,"name":"Shaded","section":"Shading Mode"},"sceneLighting":true,"audioPlay":false,"sceneViewState":{"showFog":true,"showMaterialUpdate":false,"showSkybox":true,"showFlares":true,"showImageEffects":true,"showParticleSystems":true},"in2DMode":false,"pivot":{"x":66.77667999267578,"y":3.4698328971862795,"z":-10.0},"rotation":{"x":0.028644895181059839,"y":-0.7702777981758118,"z":0.03468581289052963,"w":0.6361218094825745},"size":51.62289810180664,"orthographic":false}